{
    "song_name": "river.mp3",
    "tempo_bpm": 123.05,
    "num_beats": 432,
    "avg_energy": 0.194,
    "brightness": 1979.29,
    "beat_times": [
        2.159455782312925,
        2.647074829931973,
        3.1346938775510202,
        3.622312925170068,
        4.1099319727891155,
        4.574331065759637,
        5.038730158730159,
        5.5495691609977325,
        6.013968253968254,
        6.501587301587302,
        6.965986394557823,
        7.453605442176871,
        7.9412244897959186,
        8.40562358276644,
        8.893242630385487,
        9.380861678004536,
        9.845260770975056,
        10.286439909297052,
        10.7740589569161,
        11.261678004535147,
        11.72607709750567,
        12.213696145124716,
        12.701315192743763,
        13.188934240362812,
        13.653333333333334,
        14.140952380952381,
        14.628571428571428,
        15.116190476190477,
        15.580589569160997,
        16.068208616780044,
        16.555827664399093,
        17.020226757369613,
        17.507845804988662,
        17.972244897959182,
        18.45986394557823,
        18.94748299319728,
        19.435102040816325,
        19.922721088435374,
        20.387120181405894,
        20.874739229024943,
        21.292698412698414,
        21.826757369614512,
        22.291156462585032,
        22.77877551020408,
        23.26639455782313,
        23.754013605442175,
        24.2184126984127,
        24.706031746031748,
        25.170430839002268,
        25.68126984126984,
        26.145668934240362,
        26.63328798185941,
        27.09768707482993,
        27.562086167800455,
        28.0497052154195,
        28.560544217687074,
        29.024943310657598,
        29.512562358276643,
        30.00018140589569,
        30.48780045351474,
        30.928979591836736,
        31.41659863945578,
        31.880997732426305,
        32.36861678004535,
        32.8562358276644,
        33.34385487528345,
        33.80825396825397,
        34.249433106575964,
        34.78349206349206,
        35.27111111111111,
        35.735510204081635,
        36.22312925170068,
        36.6875283446712,
        37.17514739229025,
        37.6627664399093,
        38.17360544217687,
        38.61478458049886,
        39.10240362811791,
        39.59002267573696,
        40.07764172335601,
        40.542040816326534,
        41.029659863945575,
        41.4940589569161,
        42.00489795918367,
        42.4692970521542,
        42.93369614512471,
        43.42131519274376,
        43.90893424036281,
        44.373333333333335,
        44.860952380952384,
        45.348571428571425,
        45.836190476190474,
        46.32380952380952,
        46.81142857142857,
        47.29904761904762,
        47.763446712018144,
        48.22784580498866,
        48.71546485260771,
        49.20308390022676,
        49.66748299319728,
        50.155102040816324,
        50.64272108843537,
        51.1071201814059,
        51.594739229024945,
        52.082358276643994,
        52.54675736961451,
        53.03437641723356,
        53.52199546485261,
        53.98639455782313,
        54.474013605442174,
        54.96163265306122,
        55.42603174603175,
        55.913650793650795,
        56.37804988662131,
        56.86566893424036,
        57.35328798185941,
        57.84090702947846,
        58.30530612244898,
        58.792925170068024,
        59.3037641723356,
        59.76816326530612,
        60.232562358276645,
        60.720181405895694,
        61.18458049886621,
        61.67219954648526,
        62.136598639455784,
        62.62421768707483,
        63.111836734693874,
        63.59945578231292,
        64.06385487528345,
        64.52825396825396,
        65.01587301587301,
        65.50349206349206,
        65.99111111111111,
        66.47873015873016,
        66.94312925170068,
        67.45396825396826,
        67.91836734693878,
        68.3827664399093,
        68.87038548752834,
        69.35800453514739,
        69.82240362811791,
        70.31002267573696,
        70.77442176870748,
        71.26204081632653,
        71.74965986394558,
        72.23727891156463,
        72.70167800453515,
        73.18929705215419,
        73.65369614512471,
        74.14131519274376,
        74.62893424036281,
        75.11655328798186,
        75.58095238095238,
        76.06857142857143,
        76.55619047619048,
        77.04380952380953,
        77.53142857142858,
        78.01904761904763,
        78.48344671201814,
        78.94784580498866,
        79.43546485260771,
        79.89986394557823,
        80.4107029478458,
        80.8518820861678,
        81.36272108843538,
        81.8271201814059,
        82.31473922902494,
        82.75591836734694,
        83.26675736961451,
        83.73115646258503,
        84.26521541950113,
        84.70639455782313,
        85.19401360544218,
        85.68163265306123,
        86.16925170068028,
        86.61043083900226,
        87.09804988662131,
        87.58566893424036,
        88.09650793650793,
        88.53768707482993,
        89.02530612244898,
        89.51292517006803,
        90.00054421768708,
        90.41850340136054,
        90.95256235827664,
        91.41696145124716,
        91.90458049886621,
        92.36897959183673,
        92.85659863945578,
        93.34421768707483,
        93.83183673469388,
        94.2962358276644,
        94.78385487528345,
        95.2714739229025,
        95.75909297052154,
        96.22349206349206,
        96.71111111111111,
        97.17551020408163,
        97.66312925170068,
        98.1275283446712,
        98.61514739229025,
        99.1027664399093,
        99.54394557823129,
        99.98512471655329,
        100.51918367346939,
        101.00680272108843,
        101.49442176870748,
        101.98204081632653,
        102.46965986394558,
        102.9340589569161,
        103.37523809523809,
        103.9092970521542,
        104.37369614512471,
        104.86131519274376,
        105.32571428571428,
        105.81333333333333,
        106.30095238095238,
        106.78857142857143,
        107.27619047619048,
        107.740589569161,
        108.22820861678005,
        108.71582766439909,
        109.20344671201813,
        109.66784580498866,
        110.15546485260771,
        110.61986394557823,
        111.10748299319728,
        111.5718820861678,
        112.05950113378685,
        112.5471201814059,
        113.03473922902495,
        113.49913832199546,
        113.98675736961451,
        114.45115646258503,
        114.9619954648526,
        115.42639455782313,
        115.91401360544218,
        116.40163265306123,
        116.86603174603175,
        117.3536507936508,
        117.81804988662131,
        118.30566893424036,
        118.79328798185941,
        119.25768707482993,
        119.74530612244898,
        120.23292517006803,
        120.72054421768708,
        121.20816326530613,
        121.67256235827665,
        122.16018140589568,
        122.62458049886621,
        123.11219954648526,
        123.5998185941043,
        124.06421768707483,
        124.52861678004535,
        125.0162358276644,
        125.50385487528345,
        125.9914739229025,
        126.47909297052155,
        126.94349206349206,
        127.43111111111111,
        127.91873015873016,
        128.42956916099774,
        128.89396825396827,
        129.35836734693876,
        129.8227664399093,
        130.31038548752835,
        130.79800453514738,
        131.2624036281179,
        131.75002267573697,
        132.237641723356,
        132.70204081632653,
        133.18965986394556,
        133.6540589569161,
        134.14167800453515,
        134.6292970521542,
        135.11691609977325,
        135.60453514739228,
        136.0689342403628,
        136.55655328798187,
        137.0209523809524,
        137.50857142857143,
        137.99619047619046,
        138.460589569161,
        138.94820861678005,
        139.43582766439908,
