{
    "song_name": "young_and_beautiful.mp3",
    "tempo_bpm": 117.45,
    "num_beats": 444,
    "avg_energy": 0.2083,
    "brightness": 1384.23,
    "beat_times": [
        0.5340589569160997,
        1.0681179138321995,
        1.6021768707482993,
        2.1130158730158732,
        2.6238548752834467,
        3.1579138321995464,
        3.6919727891156464,
        4.20281179138322,
        4.713650793650793,
        5.224489795918367,
        5.758548752834467,
        6.2693877551020405,
        6.780226757369615,
        7.291065759637188,
        7.825124716553288,
        8.335963718820862,
        8.846802721088435,
        9.357641723356009,
        9.868480725623582,
        10.379319727891156,
        10.913378684807256,
        11.447437641723356,
        11.95827664399093,
        12.469115646258503,
        12.979954648526077,
        13.514013605442177,
        14.02485260770975,
        14.55891156462585,
        15.09297052154195,
        15.580589569160997,
        16.114648526077097,
        16.62548752834467,
        17.136326530612244,
        17.647165532879818,
        18.15800453514739,
        18.738503401360543,
        19.22612244897959,
        19.736961451247165,
        20.24780045351474,
        20.82829931972789,
        21.36235827664399,
        21.873197278911565,
        22.360816326530614,
        22.894875283446712,
        23.405714285714286,
        23.893333333333334,
        24.38095238095238,
        24.891791383219953,
        25.425850340136055,
        25.98312925170068,
        26.563628117913833,
        27.051247165532878,
        27.562086167800455,
        28.0497052154195,
        28.53732426303855,
        29.071383219954647,
        29.60544217687075,
        30.116281179138323,
        30.67356009070295,
        31.161179138321994,
        31.648798185941043,
        32.13641723356009,
        32.57759637188209,
        33.041995464852604,
        33.50639455782313,
        34.04045351473923,
        34.57451247165533,
        35.10857142857143,
        35.619410430839004,
        36.10702947845805,
        36.594648526077094,
        37.08226757369614,
        37.593106575963716,
        38.034285714285716,
        38.49868480725623,
        38.963083900226756,
        39.450702947845805,
        39.938321995464854,
        40.44916099773243,
        40.89034013605442,
        41.37795918367347,
        41.86557823129252,
        42.37641723356009,
        42.887256235827664,
        43.35165532879819,
        43.83927437641724,
        44.32689342403628,
        44.7912925170068,
        45.27891156462585,
        45.7665306122449,
        46.23092970521542,
        46.69532879818594,
        47.18294784580499,
        47.64734693877551,
        48.15818594104309,
        48.692244897959185,
        49.20308390022676,
        49.71392290249433,
        50.224761904761905,
        50.73560090702948,
        51.24643990929705,
        51.757278911564626,
        52.291337868480724,
        52.73251700680272,
        53.289795918367346,
        53.84707482993197,
        54.35791383219954,
        54.89197278911565,
        55.44925170068027,
        55.93687074829932,
        56.42448979591837,
        56.93532879818594,
        57.446167800453516,
        57.95700680272109,
        58.49106575963719,
        59.025124716553286,
        59.559183673469384,
        60.09324263038549,
        60.58086167800454,
        61.13814058956916,
        61.695419501133784,
        62.15981859410431,
        62.64743764172336,
        63.08861678004535,
        63.55301587301587,
        64.06385487528345,
        64.52825396825396,
        65.01587301587301,
        65.52671201814059,
        66.01433106575963,
        66.52517006802721,
        67.03600907029478,
        67.54684807256236,
        68.05768707482993,
        68.59174603174603,
        69.12580498866213,
        69.6366439909297,
        70.14748299319727,
        70.70476190476191,
        71.23882086167801,
        71.79609977324263,
        72.33015873015873,
        72.86421768707483,
        73.42149659863945,
        73.95555555555555,
        74.48961451247166,
        75.04689342403628,
        75.55773242630386,
        76.0453514739229,
        76.50975056689343,
        77.020589569161,
        77.50820861678004,
        77.97260770975056,
        78.50666666666666,
        79.01750566893423,
        79.57478458049887,
        80.15528344671202,
        80.71256235827664,
        81.24662131519274,
        81.75746031746031,
        82.29151927437641,
        82.82557823129251,
        83.33641723356008,
        83.8704761904762,
        84.4045351473923,
        84.91537414965987,
        85.47265306122449,
        86.02993197278911,
        86.47111111111111,
        86.98195011337869,
        87.53922902494331,
        87.98040816326531,
        88.42158730158731,
        88.97886621315193,
        89.53614512471655,
        90.1166439909297,
        90.6507029478458,
        91.13832199546485,
        91.6259410430839,
        92.16,
        92.67083900226757,
        93.1352380952381,
        93.66929705215419,
        94.20335600907029,
        94.71419501133786,
        95.22503401360544,
        95.73587301587301,
        96.29315192743765,
        96.82721088435375,
        97.3148299319728,
        97.82566893424037,
        98.33650793650794,
        98.77768707482993,
        99.24208616780045,
        99.7297052154195,
        100.24054421768707,
        100.75138321995465,
        101.28544217687075,
        101.79628117913832,
        102.28390022675737,
        102.77151927437642,
        103.25913832199547,
        103.74675736961451,
        104.25759637188209,
        104.76843537414966,
        105.25605442176871,
        105.76689342403628,
        106.25451247165533,
        106.74213151927438,
        107.22975056689343,
        107.69414965986394,
        108.15854875283446,
        108.62294784580499,
        109.15700680272109,
        109.64462585034013,
        110.17868480725623,
        110.6895238095238,
        111.17714285714285,
        111.6647619047619,
        112.15238095238095,
        112.66321995464853,
        113.12761904761905,
        113.59201814058957,
        114.0564172335601,
        114.5208163265306,
        114.98521541950113,
        115.42639455782313,
        115.91401360544218,
        116.42485260770975,
        116.93569160997733,
        117.4465306122449,
        117.980589569161,
        118.53786848072562,
        119.0487074829932,
        119.53632653061224,
        120.07038548752834,
        120.58122448979591,
        121.13850340136054,
        121.67256235827665,
        122.13696145124716,
        122.64780045351473,
        123.13541950113378,
        123.66947845804988,
        124.203537414966,
        124.71437641723357,
        125.27165532879819,
        125.78249433106576,
        126.27011337868481,
        126.80417233560091,
        127.36145124716553,
        127.89551020408163,
        128.35990929705216,
        128.8475283446712,
        129.2887074829932,
        129.77632653061224,
        130.2639455782313,
        130.72834467120182,
        131.21596371882086,
        131.72680272108843,
        132.237641723356,
        132.74848072562358,
        133.25931972789115,
        133.74693877551022,
        134.2809977324263,
        134.8150566893424,
        135.3491156462585,
        135.85995464852607,
        136.51011337868482,
        137.1138321995465,
        137.64789115646258,
        138.1819501133787,
        138.69278911564626,
        139.20362811791384,
        139.69124716553287,
        140.22530612244898,
        140.75936507936507,
        141.27020408163264,
        141.78104308390022,
        142.33832199546487,
        142.8259410430839,
        143.33678004535147,
        143.84761904761905,
        144.35845804988662,
        144.89251700680273,
        145.4033560090703,
        145.91419501133788,
