{
    "song_name": "16Shots.mp3",
    "tempo_bpm": 184.57,
    "num_beats": 696,
    "avg_energy": 0.133,
    "brightness": 2217.25,
    "beat_times": [
        0.301859410430839,
        0.603718820861678,
        0.9520181405895691,
        1.2770975056689342,
        1.6253968253968254,
        1.9504761904761905,
        2.2523356009070294,
        2.5541950113378684,
        2.8560544217687074,
        3.1579138321995464,
        3.4829931972789114,
        3.8080725623582765,
        4.133151927437642,
        4.435011337868481,
        4.73687074829932,
        5.061950113378685,
        5.38702947845805,
        5.712108843537415,
        6.013968253968254,
        6.339047619047619,
        6.664126984126984,
        6.965986394557823,
        7.267845804988662,
        7.569705215419501,
        7.894784580498866,
        8.219863945578231,
        8.544943310657596,
        8.870022675736962,
        9.1718820861678,
        9.496961451247165,
        9.822040816326531,
        10.147120181405896,
        10.47219954648526,
        10.7740589569161,
        11.099138321995465,
        11.42421768707483,
        11.749297052154194,
        12.051156462585034,
        12.376235827664399,
        12.701315192743763,
        13.003174603174603,
        13.305034013605443,
        13.606893424036281,
        13.931972789115646,
        14.257052154195012,
        14.582131519274377,
        14.907210884353741,
        15.255510204081633,
        15.580589569160997,
        15.928888888888888,
        16.300408163265306,
        16.648707482993196,
        16.973786848072564,
        17.29886621315193,
        17.647165532879818,
        17.949024943310658,
        18.297324263038547,
        18.622403628117915,
        18.92426303854875,
        19.249342403628116,
        19.551201814058956,
        19.87628117913832,
        20.201360544217685,
        20.503219954648525,
        20.805079365079365,
        21.13015873015873,
        21.455238095238094,
        21.78031746031746,
        22.105396825396827,
        22.430476190476192,
        22.755555555555556,
        23.08063492063492,
        23.405714285714286,
        23.73079365079365,
        24.055873015873015,
        24.38095238095238,
        24.706031746031748,
        25.031111111111112,
        25.379410430839002,
        25.727709750566895,
        26.05278911564626,
        26.377868480725624,
        26.70294784580499,
        27.028027210884353,
        27.39954648526077,
        27.724625850340136,
        28.07292517006803,
        28.398004535147393,
        28.723083900226758,
        29.024943310657598,
        29.350022675736962,
        29.6518820861678,
        30.00018140589569,
        30.325260770975056,
        30.627120181405896,
        30.928979591836736,
        31.2540589569161,
        31.555918367346937,
        31.880997732426305,
        32.182857142857145,
        32.507936507936506,
        32.833015873015874,
        33.13487528344671,
        33.436734693877554,
        33.78503401360544,
        34.08689342403628,
        34.411972789115644,
        34.71383219954649,
        35.03891156462585,
        35.36399092970522,
        35.66585034013605,
        35.99092970521542,
        36.31600907029478,
        36.617868480725626,
        36.94294784580499,
        37.24480725623583,
        37.54666666666667,
        37.871746031746035,
        38.196825396825396,
        38.49868480725623,
        38.8237641723356,
        39.12562358276644,
        39.404263038548756,
        39.75256235827664,
        40.07764172335601,
        40.379501133786846,
        40.704580498866214,
        41.029659863945575,
        41.33151927437642,
        41.65659863945578,
        41.98167800453515,
        42.283537414965984,
        42.60861678004535,
        42.93369614512471,
        43.23555555555556,
        43.56063492063492,
        43.86249433106576,
        44.18757369614512,
        44.489433106575966,
        44.81451247165533,
        45.139591836734695,
        45.44145124716553,
        45.7665306122449,
        46.068390022675736,
        46.393469387755104,
        46.718548752834465,
        47.04362811791383,
        47.368707482993194,
        47.67056689342404,
        47.972426303854874,
        48.29750566893424,
        48.59936507936508,
        48.92444444444445,
        49.24952380952381,
        49.55138321995465,
        49.87646258503401,
        50.178321995464856,
        50.50340136054422,
        50.80526077097505,
        51.13034013605442,
        51.45541950113379,
        51.78049886621315,
        52.082358276643994,
        52.407437641723355,
        52.70929705215419,
        53.03437641723356,
        53.35945578231293,
        53.661315192743764,
        53.98639455782313,
        54.31147392290249,
        54.63655328798186,
        54.9384126984127,
        55.240272108843534,
        55.5653514739229,
        55.86721088435374,
        56.19229024943311,
        56.517369614512475,
        56.842448979591836,
        57.167528344671204,
        57.46938775510204,
        57.79446712018141,
        58.11954648526077,
        58.44462585034014,
        58.7697052154195,
        59.04834467120181,
        59.350204081632654,
        59.675283446712015,
        59.97714285714286,
        60.279002267573695,
        60.60408163265306,
        60.929160997732424,
        61.25424036281179,
        61.55609977324263,
        61.85795918367347,
        62.18303854875283,
        62.5081179138322,
        62.80997732426304,
        63.135056689342406,
        63.46013605442177,
        63.76199546485261,
        64.08707482993198,
        64.38893424036281,
        64.71401360544218,
        65.03909297052154,
        65.34095238095239,
        65.66603174603175,
        65.99111111111111,
        66.29297052154195,
        66.61804988662132,
        66.91990929705216,
        67.24498866213152,
        67.57006802721088,
        67.87192743764173,
        68.19700680272109,
        68.52208616780045,
        68.82394557823129,
        69.12580498866213,
        69.4508843537415,
        69.75274376417234,
        70.0778231292517,
        70.40290249433106,
        70.70476190476191,
        71.02984126984127,
        71.3317006802721,
        71.65678004535147,
        71.98185941043084,
        72.3069387755102,
        72.60879818594104,
        72.91065759637188,
        73.23573696145125,
        73.56081632653061,
        73.86267573696145,
        74.18775510204081,
        74.51283446712019,
        74.83791383219955,
        75.13977324263038,
        75.44163265306122,
        75.7667120181406,
        76.06857142857143,
        76.39365079365079,
        76.71873015873015,
        77.020589569161,
        77.34566893424036,
        77.67074829931973,
        77.97260770975056,
        78.29768707482994,
        78.59954648526077,
        78.92462585034014,
        79.22648526077097,
        79.55156462585035,
        79.87664399092971,
        80.17850340136054,
        80.48036281179138,
        80.80544217687074,
        81.10730158730159,
        81.43238095238095,
        81.75746031746031,
        82.08253968253969,
        82.40761904761905,
        82.70947845804989,
        83.01133786848072,
        83.33641723356008,
        83.66149659863946,
        83.98657596371882,
        84.28843537414966,
        84.5902947845805,
        84.91537414965987,
        85.24045351473923,
        85.54231292517007,
        85.86739229024943,
        86.1924716553288,
        86.51755102040816,
        86.819410430839,
        87.14448979591836,
        87.46956916099774,
        87.7946485260771,
        88.11972789115646,
        88.44480725623583,
        88.74666666666667,
        89.0485260770975,
        89.35038548752834,
        89.65224489795918,
        89.97732426303855,
        90.27918367346939,
        90.60426303854875,
        90.92934240362811,
        91.25442176870749,
        91.55628117913832,
