{
    "song_name": "ambition.mp3",
    "tempo_bpm": 136.0,
    "num_beats": 445,
    "avg_energy": 0.1594,
    "brightness": 2101.77,
    "beat_times": [
        0.9520181405895691,
        1.4164172335600906,
        1.8808163265306121,
        2.3219954648526078,
        2.7631746031746034,
        3.2275736961451247,
        3.6687528344671203,
        4.1099319727891155,
        4.551111111111111,
        4.992290249433107,
        5.456689342403628,
        5.897868480725624,
        6.339047619047619,
        6.8034467120181406,
        7.244625850340136,
        7.685804988662132,
        8.126984126984127,
        8.591383219954649,
        9.032562358276644,
        9.496961451247165,
        9.93814058956916,
        10.379319727891156,
        10.820498866213152,
        11.284897959183674,
        11.72607709750567,
        12.167256235827665,
        12.631655328798185,
        13.072834467120181,
        13.514013605442177,
        13.978412698412699,
        14.419591836734694,
        14.86077097505669,
        15.27873015873016,
        15.74312925170068,
        16.184308390022675,
        16.648707482993196,
        17.08988662131519,
        17.531065759637187,
        17.972244897959182,
        18.436643990929706,
        18.877823129251702,
        19.342222222222222,
        19.760181405895693,
        20.224580498866214,
        20.66575963718821,
        21.106938775510205,
        21.5481179138322,
        22.01251700680272,
        22.453696145124717,
        22.918095238095237,
        23.336054421768708,
        23.754013605442175,
        24.2184126984127,
        24.68281179138322,
        25.123990929705215,
        25.588390022675735,
        26.02956916099773,
        26.493968253968255,
        26.93514739229025,
        27.39954648526077,
        27.840725623582767,
        28.281904761904762,
        28.69986394557823,
        29.164263038548754,
        29.628662131519274,
        30.046621315192745,
        30.464580498866212,
        30.928979591836736,
        31.393378684807256,
        31.834557823129252,
        32.298956916099776,
        32.74013605442177,
        33.20453514739229,
        33.645714285714284,
        34.08689342403628,
        34.5512925170068,
        34.9924716553288,
        35.43365079365079,
        35.80517006802721,
        36.29278911564626,
        36.78040816326531,
        37.24480725623583,
        37.6627664399093,
        38.12716553287982,
        38.59156462585034,
        39.03274376417234,
        39.47392290249433,
        39.938321995464854,
        40.379501133786846,
        40.820680272108845,
        41.26185941043084,
        41.72625850340136,
        42.16743764172335,
        42.60861678004535,
        43.049795918367344,
        43.490975056689344,
        43.95537414965986,
        44.39655328798186,
        44.83773242630385,
        45.302131519274376,
        45.743310657596375,
        46.18448979591837,
        46.64888888888889,
        47.09006802721088,
        47.53124716553288,
        47.972426303854874,
        48.41360544217687,
        48.87800453514739,
        49.31918367346939,
        49.783582766439906,
        50.20154195011338,
        50.6659410430839,
        51.1071201814059,
        51.57151927437642,
        52.01269841269841,
        52.47709750566894,
        52.91827664399093,
        53.35945578231293,
        53.80063492063492,
        54.24181405895692,
        54.706213151927436,
        55.147392290249435,
        55.58857142857143,
        56.05297052154195,
        56.47092970521542,
        56.93532879818594,
        57.376507936507934,
        57.84090702947846,
        58.28208616780045,
        58.72326530612245,
        59.16444444444444,
        59.628843537414966,
        60.04680272108843,
        60.51120181405896,
        60.97560090702948,
        61.39356009070295,
        61.85795918367347,
        62.299138321995464,
        62.76353741496599,
        63.20471655328798,
        63.64589569160998,
        64.1102947845805,
        64.55147392290249,
        64.99265306122449,
        65.45705215419501,
        65.89823129251701,
        66.339410430839,
        66.80380952380952,
        67.24498866213152,
        67.68616780045352,
        68.12734693877552,
        68.59174603174603,
        69.03292517006803,
        69.47410430839003,
        69.91528344671202,
        70.37968253968253,
        70.82086167800453,
        71.26204081632653,
        71.70321995464853,
        72.14439909297052,
        72.60879818594104,
        73.04997732426304,
        73.49115646258504,
        73.88589569160997,
        74.30385487528345,
        74.81469387755102,
        75.27909297052155,
        75.72027210884353,
        76.18467120181406,
        76.64907029478458,
        77.09024943310658,
        77.53142857142858,
        77.97260770975056,
        78.43700680272109,
        78.87818594104309,
        79.31936507936508,
        79.76054421768707,
        80.2249433106576,
        80.66612244897959,
        81.10730158730159,
        81.54848072562358,
        82.0128798185941,
        82.4540589569161,
        82.8952380952381,
        83.35963718820862,
        83.80081632653061,
        84.24199546485261,
        84.70639455782313,
        85.14757369614513,
        85.58875283446712,
        86.02993197278911,
        86.49433106575964,
        86.93551020408164,
        87.37668934240362,
        87.84108843537415,
        88.30548752834467,
        88.74666666666667,
        89.18784580498867,
        89.62902494331065,
        90.07020408163265,
        90.51138321995465,
        90.97578231292518,
        91.41696145124716,
        91.85814058956916,
        92.29931972789116,
        92.76371882086168,
        93.20489795918367,
        93.64607709750567,
        94.08725623582767,
        94.55165532879819,
        94.99283446712018,
        95.43401360544217,
        95.8984126984127,
        96.3395918367347,
        96.78077097505668,
        97.22195011337868,
        97.6863492063492,
        98.1275283446712,
        98.56870748299319,
        99.03310657596371,
        99.47428571428571,
        99.91546485260771,
        100.35664399092971,
        100.82104308390022,
        101.26222222222222,
        101.72662131519274,
        102.16780045351474,
        102.60897959183673,
        103.05015873015873,
        103.51455782312925,
        103.95573696145125,
        104.39691609977324,
        104.83809523809524,
        105.27927437641723,
        105.72045351473923,
        106.18485260770976,
        106.62603174603174,
        107.09043083900227,
        107.53160997732427,
        107.94956916099773,
        108.41396825396825,
        108.87836734693877,
        109.31954648526077,
        109.7839455782313,
        110.22512471655328,
        110.66630385487528,
        111.10748299319728,
        111.5718820861678,
        112.01306122448979,
        112.45424036281179,
        112.89541950113379,
        113.33659863945579,
        113.80099773242631,
        114.2421768707483,
        114.70657596371882,
        115.1245351473923,
        115.58893424036282,
        116.0301133786848,
        116.49451247165533,
        116.93569160997733,
        117.37687074829932,
        117.84126984126983,
        118.28244897959183,
        118.72362811791383,
        119.16480725623583,
        119.62920634920636,
        120.04716553287982,
        120.48834467120182,
        120.95274376417234,
        121.41714285714286,
        121.85832199546485,
        122.32272108843537,
        122.76390022675737,
        123.20507936507937,
        123.64625850340136,
        124.11065759637188,
        124.52861678004535,
        124.99301587301588,
        125.43419501133786,
        125.87537414965986,
        126.33977324263039,
        126.78095238095239,
        127.22213151927437,
        127.6865306122449,
        128.1277097505669,
        128.5921088435374,
