{
    "song_name": "BlackSwanInst.mp3",
    "tempo_bpm": 73.83,
    "num_beats": 243,
    "avg_energy": 0.1351,
    "brightness": 1771.08,
    "beat_times": [
        0.5340589569160997,
        1.3467573696145125,
        2.159455782312925,
        2.9257142857142857,
        3.7384126984126986,
        4.527891156462585,
        5.317369614512471,
        6.106848072562358,
        6.896326530612245,
        7.662585034013605,
        8.452063492063493,
        9.241541950113378,
        10.100680272108843,
        10.866938775510205,
        11.633197278911565,
        12.445895691609977,
        13.25859410430839,
        14.048072562358277,
        14.814331065759637,
        15.580589569160997,
        16.370068027210884,
        17.182766439909297,
        17.99546485260771,
        18.808163265306124,
        19.620861678004534,
        20.433560090702947,
        21.24625850340136,
        22.058956916099774,
        22.894875283446712,
        23.661133786848072,
        24.52027210884354,
        25.356190476190477,
        26.145668934240362,
        26.93514739229025,
        27.77106575963719,
        28.606984126984127,
        29.41968253968254,
        30.232380952380954,
        31.068299319727892,
        31.857777777777777,
        32.69369614512472,
        33.483174603174604,
        34.29587301587301,
        35.10857142857143,
        35.92126984126984,
        36.73396825396826,
        37.56988662131519,
        38.40580498866213,
        39.19528344671202,
        40.00798185941043,
        40.820680272108845,
        41.65659863945578,
        42.49251700680272,
        43.32843537414966,
        44.14113378684807,
        44.93061224489796,
        45.743310657596375,
        46.556009070294785,
        47.368707482993194,
        48.204625850340136,
        49.017324263038546,
        49.83002267573696,
        50.64272108843537,
        51.478639455782314,
        52.2681179138322,
        53.08081632653061,
        53.893514739229026,
        54.68299319727891,
        55.54213151927438,
        56.37804988662131,
        57.19074829931973,
        58.00344671201814,
        58.816145124716556,
        59.628843537414966,
        60.441541950113375,
        61.25424036281179,
        62.09015873015873,
        62.87963718820862,
        63.715555555555554,
        64.55147392290249,
        65.34095238095239,
        66.1536507936508,
        66.96634920634921,
        67.80226757369614,
        68.61496598639455,
        69.42766439909298,
        70.21714285714286,
        71.0530612244898,
        71.8657596371882,
        72.65523809523809,
        73.49115646258504,
        74.30385487528345,
        75.11655328798186,
        75.9524716553288,
        76.76517006802722,
        77.57786848072563,
        78.39056689342404,
        79.20326530612245,
        80.01596371882086,
        80.8518820861678,
        81.68780045351474,
        82.50049886621315,
        83.31319727891156,
        84.14911564625851,
        84.9385941043084,
        85.77451247165533,
        86.56399092970521,
        87.33024943310657,
        88.16616780045351,
        88.97886621315193,
        89.81478458049887,
        90.6507029478458,
        91.46340136054421,
        92.25287981859411,
        93.042358276644,
        93.78539682539683,
        94.57487528344672,
        95.3643537414966,
        96.06095238095239,
        96.82721088435375,
        97.6863492063492,
        98.52226757369614,
        99.2885260770975,
        100.07800453514739,
        100.89070294784581,
        101.70340136054422,
        102.63219954648527,
        103.44489795918368,
        104.35047619047619,
        105.11673469387755,
        105.8829931972789,
        106.62603174603174,
        107.48517006802722,
        108.34430839002268,
        109.31954648526077,
        110.15546485260771,
        110.94494331065759,
        111.73442176870748,
        112.59356009070295,
        113.47591836734694,
        114.19573696145125,
        114.91555555555556,
        115.61215419501134,
        116.30875283446711,
        117.02857142857142,
        117.74839002267574,
        118.46820861678005,
        119.30412698412698,
        120.04716553287982,
        120.79020408163265,
        121.95120181405896,
        122.7871201814059,
        123.62303854875283,
        124.45895691609978,
        125.27165532879819,
        126.0843537414966,
        126.92027210884353,
        127.73297052154194,
        128.5921088435374,
        129.35836734693876,
        130.1942857142857,
        131.00698412698412,
        131.81968253968253,
        132.63238095238094,
        133.44507936507935,
        134.2577777777778,
        135.0936961451247,
        135.8831746031746,
        136.71909297052153,
        137.53179138321997,
        138.3677097505669,
        139.1804081632653,
        139.9698866213152,
        140.80580498866212,
        141.61850340136056,
        142.43120181405897,
        143.24390022675738,
        144.0798185941043,
        144.89251700680273,
        145.70521541950114,
        146.49469387755101,
        147.33061224489796,
        148.14331065759637,
        148.95600907029478,
        149.582947845805,
        150.37242630385487,
        151.16190476190476,
        151.92816326530613,
        152.67120181405895,
        153.46068027210885,
        154.15727891156462,
        154.83065759637188,
        155.50403628117914,
        156.29351473922904,
        157.12943310657596,
        157.82603174603176,
        158.75482993197278,
        159.52108843537414,
        160.31056689342404,
        161.19292517006804,
        162.00562358276645,
        162.84154195011337,
        163.6542403628118,
        164.46693877551022,
        165.30285714285714,
        166.09233560090703,
        166.90503401360544,
        167.71773242630385,
        168.5536507936508,
        169.3663492063492,
        170.17904761904762,
        170.99174603174603,
        171.80444444444444,
        172.6403628117914,
        173.4530612244898,
        174.24253968253967,
        175.07845804988662,
        175.89115646258503,
        176.72707482993198,
        177.5397732426304,
        178.37569160997734,
        179.1651700680272,
        180.00108843537416,
        180.81378684807257,
        181.6497052154195,
        182.4391836734694,
        183.2286621315193,
        183.99492063492065,
        184.78439909297052,
        185.59709750566893,
        186.38657596371883,
        187.22249433106575,
        188.03519274376418,
        188.8478911564626,
        189.68380952380951,
        190.49650793650792,
        191.28598639455782,
        192.14512471655328,
        192.98104308390023,
        193.8401814058957,
        194.69931972789115,
        195.5584580498866,
        196.3479365079365
    ]
}