{
    "song_name": "Ethereal.mp3",
    "tempo_bpm": 95.7,
    "num_beats": 262,
    "avg_energy": 0.1037,
    "brightness": 1284.55,
    "beat_times": [
        0.06965986394557823,
        0.7430385487528345,
        1.3003174603174603,
        1.9504761904761905,
        2.6238548752834467,
        3.250793650793651,
        3.877732426303855,
        4.481451247165533,
        5.108390022675737,
        5.712108843537415,
        6.362267573696145,
        6.989206349206349,
        7.616145124716553,
        8.243083900226758,
        8.893242630385487,
        9.543401360544218,
        10.193560090702947,
        10.797278911564625,
        11.42421768707483,
        12.051156462585034,
        12.701315192743763,
        13.328253968253968,
        13.955192743764172,
        14.582131519274377,
        15.209070294784581,
        15.85922902494331,
        16.486167800453515,
        17.08988662131519,
        17.716825396825396,
        18.36698412698413,
        18.99392290249433,
        19.644081632653062,
        20.29424036281179,
        20.897959183673468,
        21.524897959183672,
        22.151836734693877,
        22.77877551020408,
        23.42893424036281,
        24.079092970521543,
        24.68281179138322,
        25.309750566893424,
        25.93668934240363,
        26.563628117913833,
        27.190566893424037,
        27.817505668934242,
        28.46766439909297,
        29.1178231292517,
        29.76798185941043,
        30.394920634920634,
        30.998639455782314,
        31.62557823129252,
        32.25251700680272,
        32.8562358276644,
        33.52961451247165,
        34.15655328798186,
        34.78349206349206,
        35.43365079365079,
        36.060589569160996,
        36.6875283446712,
        37.314467120181405,
        37.964625850340134,
        38.59156462585034,
        39.21850340136054,
        39.86866213151927,
        40.49560090702948,
        41.09931972789116,
        41.72625850340136,
        42.37641723356009,
        43.003356009070295,
        43.6302947845805,
        44.28045351473923,
        44.88417233560091,
        45.53433106575964,
        46.18448979591837,
        46.78820861678005,
        47.368707482993194,
        48.042086167800456,
        48.66902494331066,
        49.31918367346939,
        49.946122448979594,
        50.5730612244898,
        51.17678004535147,
        51.82693877551021,
        52.453877551020405,
        53.10403628117914,
        53.730975056689346,
        54.381133786848075,
        55.00807256235828,
        55.635011337868484,
        56.23873015873016,
        56.91210884353742,
        57.53904761904762,
        58.16598639455783,
        58.792925170068024,
        59.44308390022676,
        60.070022675736965,
        60.67374149659864,
        61.27746031746032,
        61.95083900226757,
        62.6009977324263,
        63.227936507936505,
        63.901315192743766,
        64.48181405895691,
        65.0855328798186,
        65.7124716553288,
        66.36263038548753,
        66.98956916099773,
        67.63972789115647,
        68.24344671201814,
        68.89360544217688,
        69.52054421768707,
        70.14748299319727,
        70.79764172335601,
        71.42458049886622,
        72.05151927437642,
        72.67845804988661,
        73.32861678004535,
        73.93233560090702,
        74.55927437641724,
        75.20943310657596,
        75.83637188208617,
        76.46331065759637,
        77.09024943310658,
        77.71718820861678,
        78.36734693877551,
        78.99428571428571,
        79.64444444444445,
        80.24816326530612,
        80.87510204081633,
        81.50204081632653,
        82.15219954648526,
        82.77913832199546,
        83.40607709750567,
        84.0562358276644,
        84.6831746031746,
        85.3101133786848,
        85.93705215419502,
        86.56399092970521,
        87.21414965986395,
        87.84108843537415,
        88.46802721088436,
        89.11818594104308,
        89.74512471655329,
        90.37206349206349,
        90.9990022675737,
        91.6259410430839,
        92.25287981859411,
        92.90303854875283,
        93.52997732426304,
        94.15691609977324,
        94.80707482993198,
        95.43401360544217,
        96.06095238095239,
        96.68789115646258,
        97.3148299319728,
        97.94176870748299,
        98.59192743764173,
        99.21886621315193,
        99.84580498866214,
        100.47274376417234,
        101.09968253968253,
        101.72662131519274,
        102.35356009070294,
        103.00371882086168,
        103.63065759637188,
        104.30403628117914,
        104.93097505668935,
        105.55791383219955,
        106.18485260770976,
        106.83501133786848,
        107.43873015873015,
        108.06566893424036,
        108.69260770975056,
        109.31954648526077,
        109.94648526077097,
        110.57342403628118,
        111.2235827664399,
        111.82730158730159,
        112.47746031746031,
        113.10439909297052,
        113.73133786848072,
        114.35827664399093,
        114.98521541950113,
        115.63537414965987,
        116.26231292517006,
        116.88925170068028,
        117.539410430839,
        118.16634920634921,
        118.81650793650793,
        119.42022675736962,
        120.04716553287982,
        120.69732426303855,
        121.34748299319727,
        121.99764172335601,
        122.57814058956916,
        123.20507936507937,
        123.8552380952381,
        124.45895691609978,
        125.08589569160998,
        125.73605442176871,
        126.36299319727891,
        126.96671201814058,
        127.61687074829932,
        128.220589569161,
        128.87074829931973,
        129.52090702947845,
        130.14784580498866,
        130.72834467120182,
        131.28562358276645,
        131.86612244897958,
        132.46984126984128,
        133.09678004535147,
        133.72371882086168,
        134.3506575963719,
        135.0008163265306,
        135.62775510204082,
        136.30113378684808,
        136.9512925170068,
        137.53179138321997,
        138.15873015873015,
        138.78566893424036,
        139.41260770975057,
        140.03954648526076,
        140.66648526077097,
        141.29342403628118,
        141.9435827664399,
        142.59374149659865,
        143.22068027210884,
        143.84761904761905,
        144.47455782312926,
        145.10149659863944,
        145.7516553287982,
        146.37859410430838,
        147.02875283446713,
        147.6324716553288,
        148.30585034013606,
        149.00244897959183,
        149.72226757369614,
        150.34920634920636,
        150.99936507936508,
        151.60308390022675,
        152.2532426303855,
        152.88018140589568,
        153.53034013605443,
        154.15727891156462,
        154.78421768707483,
        155.43437641723355,
        156.06131519274376,
        156.68825396825397,
        157.3384126984127,
        157.94213151927437,
        158.56907029478458,
        159.1960090702948,
        159.84616780045351,
        160.47310657596373,
        161.12326530612245,
        161.77342403628117,
        162.37714285714284,
        163.0505215419501,
        163.67746031746032,
        164.281179138322,
        164.88489795918366
    ]
}