{
    "song_name": "fly_moon.mp3",
    "tempo_bpm": 123.05,
    "num_beats": 289,
    "avg_energy": 0.1051,
    "brightness": 1989.59,
    "beat_times": [
        0.3947392290249433,
        0.8823582766439909,
        1.3699773242630386,
        1.8575963718820863,
        2.345215419501134,
        2.809614512471655,
        3.297233560090703,
        3.7848526077097504,
        4.272471655328798,
        4.760090702947846,
        5.2477097505668935,
        5.735328798185941,
        6.222947845804988,
        6.733786848072563,
        7.198185941043084,
        7.685804988662132,
        8.219863945578231,
        8.730702947845804,
        9.218321995464853,
        9.7059410430839,
        10.216780045351474,
        10.704399092970522,
        11.19201814058957,
        11.702857142857143,
        12.213696145124716,
        12.701315192743763,
        13.188934240362812,
        13.676553287981859,
        14.187392290249432,
        14.675011337868481,
        15.162630385487528,
        15.673469387755102,
        16.184308390022675,
        16.671927437641724,
        17.182766439909297,
        17.670385487528346,
        18.18122448979592,
        18.668843537414965,
        19.156462585034014,
        19.644081632653062,
        20.131700680272107,
        20.619319727891156,
        21.083718820861677,
        21.61777777777778,
        22.105396825396827,
        22.6162358276644,
        23.103854875283446,
        23.61469387755102,
        24.125532879818593,
        24.61315192743764,
        25.123990929705215,
        25.611609977324264,
        26.122448979591837,
        26.610068027210886,
        27.12090702947846,
        27.631746031746033,
        28.11936507936508,
        28.63020408163265,
        29.141043083900225,
        29.628662131519274,
        30.116281179138323,
        30.627120181405896,
        31.114739229024945,
        31.648798185941043,
        32.113197278911564,
        32.55437641723356,
        33.041995464852604,
        33.52961451247165,
        34.04045351473923,
        34.528072562358275,
        35.03891156462585,
        35.57297052154195,
        36.08380952380952,
        36.664308390022676,
        37.151927437641724,
        37.63954648526077,
        38.12716553287982,
        38.59156462585034,
        39.14884353741497,
        39.65968253968254,
        40.216961451247165,
        40.704580498866214,
        41.21541950113379,
        41.703038548752836,
        42.16743764172335,
        42.63183673469388,
        43.119455782312926,
        43.58385487528345,
        44.04825396825397,
        44.582312925170065,
        45.069931972789114,
        45.58077097505669,
        46.04517006802721,
        46.57922902494331,
        47.09006802721088,
        47.57768707482993,
        48.06530612244898,
        48.576145124716554,
        49.0637641723356,
        49.52816326530612,
        50.062222222222225,
        50.5730612244898,
        51.08390022675737,
        51.57151927437642,
        52.05913832199546,
        52.569977324263036,
        53.057596371882084,
        53.52199546485261,
        54.00961451247166,
        54.543673469387755,
        55.05451247165533,
        55.58857142857143,
        56.05297052154195,
        56.610249433106574,
        57.167528344671204,
        57.7015873015873,
        58.212426303854876,
        58.700045351473925,
        59.2108843537415,
        59.69850340136055,
        60.162902494331064,
        60.62730158730159,
        61.207800453514736,
        61.695419501133784,
        62.15981859410431,
        62.67065759637188,
        63.15827664399093,
        63.622675736961455,
        64.1102947845805,
        64.6443537414966,
        65.1784126984127,
        65.68925170068027,
        66.17687074829932,
        66.66448979591837,
        67.15210884353742,
        67.662947845805,
        68.15056689342404,
        68.66140589569162,
        69.14902494331066,
        69.61342403628117,
        70.10104308390022,
        70.56544217687075,
        71.0530612244898,
        71.51746031746032,
        72.00507936507937,
        72.56235827664399,
        73.09641723356009,
        73.60725623582766,
        74.09487528344671,
        74.65215419501133,
        75.20943310657596,
        75.72027210884353,
        76.2311111111111,
        76.74195011337868,
        77.22956916099773,
        77.7404081632653,
        78.22802721088435,
        78.7156462585034,
        79.20326530612245,
        79.71410430839002,
        80.2249433106576,
        80.73578231292517,
        81.24662131519274,
        81.75746031746031,
        82.26829931972789,
        82.75591836734694,
        83.26675736961451,
        83.77759637188208,
        84.28843537414966,
        84.7760544217687,
        85.28689342403628,
        85.77451247165533,
        86.2853514739229,
        86.79619047619047,
        87.30702947845805,
        87.7946485260771,
        88.3287074829932,
        88.79310657596372,
        89.30394557823129,
        89.79156462585034,
        90.30240362811791,
        90.79002267573696,
        91.32408163265306,
        91.85814058956916,
        92.36897959183673,
        92.85659863945578,
        93.34421768707483,
        93.8550566893424,
        94.3891156462585,
        94.87673469387755,
        95.38757369614513,
        95.8984126984127,
        96.40925170068027,
        96.92009070294785,
        97.43092970521542,
        97.91854875283447,
        98.42938775510204,
        98.87056689342404,
        99.38140589569161,
        99.89224489795919,
        100.40308390022676,
        100.89070294784581,
        101.37832199546486,
        101.8659410430839,
        102.37678004535148,
        102.88761904761905,
        103.37523809523809,
        103.88607709750566,
        104.37369614512471,
        104.88453514739228,
        105.37215419501133,
        105.85977324263038,
        106.39383219954648,
        106.92789115646258,
        107.43873015873015,
        107.90312925170068,
        108.3675283446712,
        108.85514739229025,
        109.38920634920635,
        109.90004535147392,
        110.4108843537415,
        110.92172335600907,
        111.43256235827664,
        111.92018140589569,
        112.40780045351474,
        112.94185941043084,
        113.42947845804989,
        113.94031746031746,
        114.42793650793651,
        114.93877551020408,
        115.42639455782313,
        115.9372335600907,
        116.44807256235828,
        116.95891156462585,
        117.46975056689342,
        117.91092970521542,
        118.39854875283447,
        118.9558276643991,
        119.46666666666667,
        119.95428571428572,
        120.44190476190477,
        120.95274376417234,
        121.46358276643991,
        121.99764172335601,
        122.53170068027211,
        123.13541950113378,
        123.62303854875283,
        124.1338775510204,
        124.59827664399093,
        125.13233560090703,
        125.68961451247165,
        126.20045351473922,
        126.7112925170068,
        127.22213151927437,
        127.73297052154194,
        128.220589569161,
        128.73142857142858,
        129.21904761904761,
        129.7298866213152,
        130.24072562358276,
        130.72834467120182,
        131.2391836734694,
        131.75002267573697,
        132.237641723356,
        132.74848072562358,
        133.25931972789115,
        133.77015873015873,
        134.2577777777778,
        134.74539682539682,
        135.2562358276644,
        135.74385487528346,
        136.2314739229025,
        136.71909297052153,
        137.2067120181406,
        137.67111111111112,
        138.13551020408164,
        138.59990929705216,
        139.0643083900227,
        139.52870748299318,
        139.9931065759637,
        140.45750566893423,
        140.9683446712018,
        141.50240362811792,
        142.0132426303855,
        142.54730158730158,
        143.05814058956915,
