{
    "song_name": "king_and_concubine.mp3",
    "tempo_bpm": 103.36,
    "num_beats": 389,
    "avg_energy": 0.1865,
    "brightness": 1731.96,
    "beat_times": [
        2.48453514739229,
        3.0650340136054424,
        3.599092970521542,
        4.133151927437642,
        4.73687074829932,
        5.317369614512471,
        5.990748299319728,
        6.664126984126984,
        7.314285714285714,
        7.894784580498866,
        8.475283446712018,
        9.05578231292517,
        9.613061224489796,
        10.170340136054422,
        10.727619047619047,
        11.3081179138322,
        11.888616780045352,
        12.49233560090703,
        13.02639455782313,
        13.630113378684808,
        14.210612244897959,
        14.79111111111111,
        15.348390022675737,
        15.905668934240364,
        16.486167800453515,
        17.066666666666666,
        17.647165532879818,
        18.204444444444444,
        18.76172335600907,
        19.342222222222222,
        19.922721088435374,
        20.48,
        21.037278911564627,
        21.524897959183672,
        22.058956916099774,
        22.68589569160998,
        23.312834467120183,
        23.870113378684806,
        24.38095238095238,
        24.86857142857143,
        25.356190476190477,
        25.890249433106575,
        26.540408163265305,
        27.213786848072562,
        27.817505668934242,
        28.421224489795918,
        29.00172335600907,
        29.58222222222222,
        30.162721088435376,
        30.743219954648527,
        31.30049886621315,
        31.834557823129252,
        32.48471655328798,
        33.065215419501136,
        33.645714285714284,
        34.17977324263038,
        34.690612244897956,
        35.22467120181406,
        35.80517006802721,
        36.385668934240364,
        36.989387755102044,
        37.61632653061225,
        38.17360544217687,
        38.730884353741494,
        39.31138321995465,
        39.8918820861678,
        40.4259410430839,
        41.00643990929705,
        41.586938775510205,
        42.14421768707483,
        42.72471655328798,
        43.32843537414966,
        43.90893424036281,
        44.489433106575966,
        45.16281179138322,
        45.69687074829932,
        46.27736961451247,
        46.834648526077096,
        47.34548752834467,
        47.87954648526077,
        48.48326530612245,
        49.04054421768708,
        49.55138321995465,
        50.155102040816324,
        50.758820861678004,
        51.2928798185941,
        51.803718820861675,
        52.31455782312925,
        52.82539682539682,
        53.336235827664396,
        53.893514739229026,
        54.474013605442174,
        55.05451247165533,
        55.61179138321995,
        56.16907029478458,
        56.77278911564626,
        57.330068027210885,
        57.91056689342403,
        58.49106575963719,
        59.04834467120181,
        59.60562358276644,
        60.18612244897959,
        60.766621315192744,
        61.3471201814059,
        61.90439909297052,
        62.461678004535145,
        63.0421768707483,
        63.5762358276644,
        64.17995464852608,
        64.7372335600907,
        65.34095238095239,
        65.89823129251701,
        66.47873015873016,
        67.03600907029478,
        67.61650793650794,
        68.17378684807257,
        68.75428571428571,
        69.31156462585034,
        69.89206349206349,
        70.49578231292517,
        71.0530612244898,
        71.63356009070294,
        72.19083900226758,
        72.77133786848073,
        73.32861678004535,
        73.86267573696145,
        74.46639455782314,
        75.07011337868481,
        75.62739229024943,
        76.16145124716553,
        76.76517006802722,
        77.34566893424036,
        77.90294784580499,
        78.43700680272109,
        79.04072562358277,
        79.64444444444445,
        80.20172335600907,
        80.75900226757369,
        81.33950113378685,
        81.92,
        82.43083900226758,
        83.03455782312925,
        83.63827664399093,
        84.21877551020408,
        84.7760544217687,
        85.35655328798185,
        85.91383219954649,
        86.49433106575964,
        87.05160997732426,
        87.60888888888888,
        88.18938775510205,
        88.7698866213152,
        89.35038548752834,
        89.93088435374149,
        90.48816326530613,
        91.04544217687075,
        91.6259410430839,
        92.20643990929705,
        92.76371882086168,
        93.34421768707483,
        93.90149659863945,
        94.45877551020408,
        95.0160544217687,
        95.61977324263039,
        96.20027210884354,
        96.78077097505668,
        97.33804988662132,
        97.91854875283447,
        98.49904761904762,
        99.05632653061224,
        99.6368253968254,
        100.24054421768707,
        100.7978231292517,
        101.35510204081632,
        101.91238095238096,
        102.4928798185941,
        103.07337868480725,
        103.67709750566894,
        104.21115646258504,
        104.76843537414966,
        105.32571428571428,
        105.90621315192743,
        106.4867120181406,
        107.04399092970522,
        107.62448979591836,
        108.20498866213151,
        108.76226757369615,
        109.3427664399093,
        109.92326530612245,
        110.50376417233561,
        111.06104308390023,
        111.61832199546485,
        112.198820861678,
        112.75609977324262,
        113.33659863945579,
        113.89387755102041,
        114.45115646258503,
        115.0548752834467,
        115.61215419501134,
        116.19265306122449,
        116.74993197278911,
        117.33043083900226,
        117.91092970521542,
        118.49142857142857,
        119.0487074829932,
        119.62920634920636,
        120.18648526077098,
        120.76698412698413,
        121.32426303854875,
        121.9047619047619,
        122.48526077097506,
        123.04253968253968,
        123.5998185941043,
        124.18031746031745,
        124.76081632653062,
        125.34131519274376,
        125.89859410430839,
        126.47909297052155,
        127.0595918367347,
        127.61687074829932,
        128.19736961451247,
        128.7546485260771,
        129.33514739229025,
        129.91564625850341,
        130.47292517006804,
        131.05342403628117,
        131.63392290249433,
        132.19120181405896,
        132.74848072562358,
        133.32897959183674,
        133.90947845804988,
        134.48997732426304,
        135.04725623582766,
        135.62775510204082,
        136.18503401360545,
        136.74231292517007,
        137.34603174603174,
        137.9265306122449,
        138.48380952380953,
        139.0643083900227,
        139.6215873015873,
        140.20208616780045,
        140.75936507936507,
        141.33986394557823,
        141.89714285714285,
        142.47764172335602,
        143.05814058956915,
        143.6386394557823,
        144.19591836734693,
        144.7764172335601,
        145.33369614512472,
        145.91419501133788,
        146.49469387755101,
        147.07519274376418,
        147.60925170068026,
        148.21297052154196,
        148.77024943310659,
        149.3275283446712,
        149.90802721088434,
        150.465306122449,
        151.04580498866213,
        151.6263038548753,
        152.20680272108842,
        152.76408163265307,
        153.3445804988662,
        153.90185941043083,
        154.482358276644,
        155.01641723356008,
        155.62013605442178,
        156.2006349206349,
        156.75791383219953,
        157.3384126984127,
        157.91891156462586,
        158.499410430839,
        159.05668934240362,
        159.59074829931973,
        160.1944671201814,
        160.77496598639456,
        161.33224489795919,
        161.91274376417235,
        162.49324263038548,
        163.07374149659864,
        163.63102040816327,
        164.1882993197279,
        164.76879818594105,
        165.34929705215418,
