{
    "song_name": "Tournelle.mp3",
    "tempo_bpm": 161.5,
    "num_beats": 302,
    "avg_energy": 0.0803,
    "brightness": 1359.52,
    "beat_times": [
        4.992290249433107,
        5.340589569160998,
        5.6656689342403626,
        6.03718820861678,
        6.408707482993197,
        6.780226757369615,
        7.128526077097506,
        7.500045351473923,
        7.894784580498866,
        8.289523809523809,
        8.684263038548753,
        9.05578231292517,
        9.404081632653062,
        9.752380952380953,
        10.12390022675737,
        10.47219954648526,
        10.866938775510205,
        11.23845804988662,
        11.586757369614512,
        11.935056689342403,
        12.30657596371882,
        12.678095238095239,
        13.049614512471654,
        13.421133786848072,
        13.769433106575963,
        14.117732426303855,
        14.489251700680272,
        14.86077097505669,
        15.255510204081633,
        15.650249433106575,
        16.04498866213152,
        16.439727891156462,
        16.81124716553288,
        17.182766439909297,
        17.554285714285715,
        17.925804988662133,
        18.297324263038547,
        18.622403628117915,
        18.970702947845805,
        19.319002267573698,
        19.690521541950112,
        20.038820861678005,
        20.410340136054423,
        20.758639455782312,
        21.106938775510205,
        21.478458049886623,
        21.849977324263037,
        22.19827664399093,
        22.569795918367348,
        22.941315192743765,
        23.312834467120183,
        23.684353741496597,
        24.03265306122449,
        24.404172335600908,
        24.79891156462585,
        25.170430839002268,
        25.541950113378686,
        25.913469387755104,
        26.284988662131518,
        26.656507936507936,
        27.00480725623583,
        27.376326530612246,
        27.74784580498866,
        28.096145124716553,
        28.444444444444443,
        28.792743764172336,
        29.164263038548754,
        29.512562358276643,
        29.88408163265306,
        30.232380952380954,
        30.627120181405896,
        31.02185941043084,
        31.41659863945578,
        31.834557823129252,
        32.20607709750567,
        32.57759637188209,
        32.949115646258505,
        33.32063492063492,
        33.69215419501134,
        34.08689342403628,
        34.411972789115644,
        34.78349206349206,
        35.15501133786848,
        35.50331065759637,
        35.898049886621315,
        36.29278911564626,
        36.6875283446712,
        37.03582766439909,
        37.40734693877551,
        37.755646258503404,
        38.12716553287982,
        38.49868480725623,
        38.846984126984125,
        39.19528344671202,
        39.566802721088436,
        39.938321995464854,
        40.263401360544215,
        40.61170068027211,
        40.96,
        41.33151927437642,
        41.67981859410431,
        42.05133786848072,
        42.399637188208615,
        42.77115646258503,
        43.14267573696145,
        43.53741496598639,
        43.932154195011336,
        44.30367346938775,
        44.67519274376417,
        45.04671201814059,
        45.44145124716553,
        45.836190476190474,
        46.20770975056689,
        46.57922902494331,
        46.95074829931973,
        47.29904761904762,
        47.67056689342404,
        48.088526077097505,
        48.48326530612245,
        48.83156462585034,
        49.179863945578234,
        49.504943310657595,
        49.85324263038549,
        50.20154195011338,
        50.54984126984127,
        50.921360544217684,
        51.316099773242634,
        51.687619047619044,
        52.05913832199546,
        52.43065759637188,
        52.8021768707483,
        53.22013605442177,
        53.614875283446715,
        54.00961451247166,
        54.4043537414966,
        54.77587301587302,
        55.147392290249435,
        55.54213151927438,
        55.93687074829932,
        56.28517006802721,
        56.65668934240363,
        57.02820861678005,
        57.39972789115646,
        57.77124716553288,
        58.142766439909295,
        58.49106575963719,
        58.83936507936508,
        59.187664399092974,
        59.53596371882086,
        59.97714285714286,
        60.395102040816326,
        60.78984126984127,
        61.18458049886621,
        61.602539682539685,
        61.99727891156463,
        62.345578231292514,
        62.69387755102041,
        63.065396825396824,
        63.46013605442177,
        63.85487528344671,
        64.2031746031746,
        64.55147392290249,
        64.89977324263039,
        65.2712925170068,
        65.64281179138322,
        66.01433106575963,
        66.43229024943311,
        66.80380952380952,
        67.17532879818594,
        67.52362811791383,
        67.89514739229026,
        68.24344671201814,
        68.61496598639455,
        68.96326530612245,
        69.31156462585034,
        69.65986394557824,
        70.00816326530612,
        70.37968253968253,
        70.75120181405896,
        71.1459410430839,
        71.54068027210884,
        71.9354195011338,
        72.3069387755102,
        72.67845804988661,
        73.04997732426304,
        73.42149659863945,
        73.79301587301588,
        74.16453514739229,
        74.53605442176871,
        74.90757369614512,
        75.25587301587302,
        75.62739229024943,
        76.0453514739229,
        76.44009070294784,
        76.83482993197279,
        77.22956916099773,
        77.62430839002268,
        78.04226757369615,
        78.43700680272109,
        78.76208616780045,
        79.11038548752835,
        79.43546485260771,
        79.7837641723356,
        80.1320634920635,
        80.48036281179138,
        80.89832199546485,
        81.31628117913833,
        81.73424036281179,
        82.12897959183674,
        82.52371882086167,
        82.91845804988662,
        83.26675736961451,
        83.63827664399093,
        83.98657596371882,
        84.31165532879818,
        84.63673469387756,
        85.05469387755102,
        85.42621315192744,
        85.79773242630385,
        86.14603174603175,
        86.54077097505669,
        86.93551020408164,
        87.33024943310657,
        87.67854875283447,
        88.05006802721088,
        88.42158730158731,
        88.81632653061224,
        89.18784580498867,
        89.53614512471655,
        89.88444444444444,
        90.23274376417234,
        90.58104308390023,
        90.92934240362811,
        91.32408163265306,
        91.69560090702947,
        92.04390022675737,
        92.39219954648526,
        92.76371882086168,
        93.11201814058957,
        93.48353741496598,
        93.8550566893424,
        94.22657596371882,
        94.55165532879819,
        94.9231746031746,
        95.24825396825396,
        95.57333333333334,
        95.94485260770975,
        96.31637188208617,
        96.71111111111111,
        97.10585034013606,
        97.47736961451247,
        97.87210884353742,
        98.24362811791383,
        98.6615873015873,
        98.98666666666666,
        99.33496598639456,
        99.75292517006802,
        100.1708843537415,
        100.51918367346939,
        100.86748299319729,
        101.2390022675737,
        101.6105215419501,
        101.958820861678,
        102.33034013605442,
        102.70185941043084,
        103.07337868480725,
        103.44489795918368,
        103.81641723356009,
        104.18793650793651,
        104.55945578231292,
        104.90775510204081,
        105.30249433106576,
        105.69723356009071,
        106.11519274376417,
        106.4867120181406,
        106.83501133786848,
        107.2065306122449,
        107.57804988662132,
        107.99600907029479,
        108.39074829931972,
        108.76226757369615,
        109.11056689342404,
        109.50530612244899,
        109.85360544217687,
        110.20190476190476,
        110.55020408163266,
        110.87528344671202,
        111.24680272108843,
